--------------------------------------------------------
--  File created - Wednesday-February-24-2016   
--------------------------------------------------------
REM INSERTING into MAJOODE.AUTHORS
SET DEFINE OFF;
Insert into MAJOODE.AUTHORS (AUT_AUTHOR_ID,AUT_AUTHOR_NAME,AUT_EXPIRED) values (186,'??????? ?????',null);
Insert into MAJOODE.AUTHORS (AUT_AUTHOR_ID,AUT_AUTHOR_NAME,AUT_EXPIRED) values (187,'?????',null);
Insert into MAJOODE.AUTHORS (AUT_AUTHOR_ID,AUT_AUTHOR_NAME,AUT_EXPIRED) values (188,'????????',null);
Insert into MAJOODE.AUTHORS (AUT_AUTHOR_ID,AUT_AUTHOR_NAME,AUT_EXPIRED) values (189,'????????',null);
REM INSERTING into MAJOODE.COMMENTS
SET DEFINE OFF;
REM INSERTING into MAJOODE.NEWS
SET DEFINE OFF;
Insert into MAJOODE.NEWS (NWS_NEWS_ID,NWS_TITLE,NWS_SHORT_TEXT,NWS_FULL_TEXT,NWS_CREATION_DATE,NWS_MODIFICATION_DATE) values (110,'????????????? ????? ?????????? ?? ???????? ???????','????????????? ????? ?????????? ?? ???????? ???????','??????? ?????? ??????? ?????????? ????? ?? ?????? ????? VIII ?? ???????? ???????',to_timestamp('22-FEB-16 12.00.00.000000000 AM','DD-MON-RR HH.MI.SSXFF AM'),to_timestamp('22-FEB-16 12.00.00.000000000 AM','DD-MON-RR HH.MI.SSXFF AM'));
Insert into MAJOODE.NEWS (NWS_NEWS_ID,NWS_TITLE,NWS_SHORT_TEXT,NWS_FULL_TEXT,NWS_CREATION_DATE,NWS_MODIFICATION_DATE) values (111,'?????????? ? ??????? ??????????? ?????? ??? ?? ?????????','?????????? ? ??????? ??????????? ?????? ??? ?? ?????????','?????????? ???????????? ??????? ? ?????? ???? ?????? ??????????????? ? ??? ?????????',to_timestamp('22-FEB-16 12.00.00.000000000 AM','DD-MON-RR HH.MI.SSXFF AM'),to_timestamp('22-FEB-16 12.00.00.000000000 AM','DD-MON-RR HH.MI.SSXFF AM'));
Insert into MAJOODE.NEWS (NWS_NEWS_ID,NWS_TITLE,NWS_SHORT_TEXT,NWS_FULL_TEXT,NWS_CREATION_DATE,NWS_MODIFICATION_DATE) values (113,'????????? ????? ?? ???? ? ??? ?? ?????? ?????????? ???????????','????????? ????? ?? ???? ? ??? ?? ?????? ?????????? ???????????','?????? ????????? ????? ?? ?????? ?????? ????? ? ??? ?? ???? ???? ??-?? ?? ??????????????????? ???????? ? ??????????? ????????? ????',to_timestamp('22-FEB-16 12.00.00.000000000 AM','DD-MON-RR HH.MI.SSXFF AM'),to_timestamp('22-FEB-16 12.00.00.000000000 AM','DD-MON-RR HH.MI.SSXFF AM'));
Insert into MAJOODE.NEWS (NWS_NEWS_ID,NWS_TITLE,NWS_SHORT_TEXT,NWS_FULL_TEXT,NWS_CREATION_DATE,NWS_MODIFICATION_DATE) values (114,'? ???????????? ??????? ?????? ??????? ? ?????????????? ? ?????? ???? ? ?????','? ???????????? ??????? ?????? ??????? ? ?????????????? ? ?????? ???? ? ?????','? ???????????? ??????? ?????? ? ????? ?? ????? ?????, ?????? ?????? ????? ??? ?????? ??????? ? ??????????????.',to_timestamp('22-FEB-16 12.00.00.000000000 AM','DD-MON-RR HH.MI.SSXFF AM'),to_timestamp('22-FEB-16 12.00.00.000000000 AM','DD-MON-RR HH.MI.SSXFF AM'));
Insert into MAJOODE.NEWS (NWS_NEWS_ID,NWS_TITLE,NWS_SHORT_TEXT,NWS_FULL_TEXT,NWS_CREATION_DATE,NWS_MODIFICATION_DATE) values (115,'????? ?????????? ?????????? ?????????? ?? ????? ?? ?????? ?? ????????','????? ?????????? ?????????? ?????????? ?? ????? ?? ?????? ?? ????????','????? ??? ????? ????????? ?????????? ?????????? ?? ???? ''?????????? ????????'' ? 2016 ????',to_timestamp('22-FEB-16 12.00.00.000000000 AM','DD-MON-RR HH.MI.SSXFF AM'),to_timestamp('22-FEB-16 12.00.00.000000000 AM','DD-MON-RR HH.MI.SSXFF AM'));
Insert into MAJOODE.NEWS (NWS_NEWS_ID,NWS_TITLE,NWS_SHORT_TEXT,NWS_FULL_TEXT,NWS_CREATION_DATE,NWS_MODIFICATION_DATE) values (116,'? ???? ????????? ??????? ??????? ??????? ???????? ????','? ???? ????????? ??????? ??????? ??????? ???????? ????','? ???? ?? ?????????? ?????? ?????? ??????????? ????????? ?????. ????????? ???? ??????? - ?????? ???????????',to_timestamp('22-FEB-16 12.00.00.000000000 AM','DD-MON-RR HH.MI.SSXFF AM'),to_timestamp('22-FEB-16 12.00.00.000000000 AM','DD-MON-RR HH.MI.SSXFF AM'));
Insert into MAJOODE.NEWS (NWS_NEWS_ID,NWS_TITLE,NWS_SHORT_TEXT,NWS_FULL_TEXT,NWS_CREATION_DATE,NWS_MODIFICATION_DATE) values (118,'?????????? ????????? ??????? ???????????? ???? ???? ? ??????????','?????????? ????????? ??????? ???????????? ???? ???? ? ??????????','? ??????????? ??????? ??????? ????? ? ???????? ?????? ????????? ? ????????? ???????? ??????? ? ??????? ?? ????? ???????????? ?????????? ? ?????????',to_timestamp('22-FEB-16 12.00.00.000000000 AM','DD-MON-RR HH.MI.SSXFF AM'),to_timestamp('22-FEB-16 12.00.00.000000000 AM','DD-MON-RR HH.MI.SSXFF AM'));
Insert into MAJOODE.NEWS (NWS_NEWS_ID,NWS_TITLE,NWS_SHORT_TEXT,NWS_FULL_TEXT,NWS_CREATION_DATE,NWS_MODIFICATION_DATE) values (119,'??????????? ?? ?????????? ???? ????????? ? ???? ????????? ??????','??????????? ?? ?????????? ???? ????????? ? ???? ????????? ??????','?????????? ???? ????????? ? ????????? ???? ????????? ? ??????? ????? ????????? ??????? ????? ????? ? ?????? ? ????? ???????? ? ????? ???',to_timestamp('22-FEB-16 12.00.00.000000000 AM','DD-MON-RR HH.MI.SSXFF AM'),to_timestamp('22-FEB-16 12.00.00.000000000 AM','DD-MON-RR HH.MI.SSXFF AM'));
Insert into MAJOODE.NEWS (NWS_NEWS_ID,NWS_TITLE,NWS_SHORT_TEXT,NWS_FULL_TEXT,NWS_CREATION_DATE,NWS_MODIFICATION_DATE) values (117,'? ??????????? ??????? ????? ?????? ?? ?????  ??????? ???????????? ?????????','? ??????????? ??????? ????? ?????? ?? ?????  ??????? ???????????? ?????????','? ??????????? ??????? ????? ?????????? ?????? ?????? ? ???????? ?????? ???????, ?????????? ?? ???????????? ???????? ??????????????? ????????',to_timestamp('22-FEB-16 12.00.00.000000000 AM','DD-MON-RR HH.MI.SSXFF AM'),to_timestamp('22-FEB-16 12.00.00.000000000 AM','DD-MON-RR HH.MI.SSXFF AM'));
REM INSERTING into MAJOODE.NEWS_AUTHORS
SET DEFINE OFF;
Insert into MAJOODE.NEWS_AUTHORS (NA_NEWS_ID,NA_AUTHOR_ID) values (110,186);
Insert into MAJOODE.NEWS_AUTHORS (NA_NEWS_ID,NA_AUTHOR_ID) values (111,186);
Insert into MAJOODE.NEWS_AUTHORS (NA_NEWS_ID,NA_AUTHOR_ID) values (113,186);
Insert into MAJOODE.NEWS_AUTHORS (NA_NEWS_ID,NA_AUTHOR_ID) values (114,186);
Insert into MAJOODE.NEWS_AUTHORS (NA_NEWS_ID,NA_AUTHOR_ID) values (115,187);
Insert into MAJOODE.NEWS_AUTHORS (NA_NEWS_ID,NA_AUTHOR_ID) values (116,187);
Insert into MAJOODE.NEWS_AUTHORS (NA_NEWS_ID,NA_AUTHOR_ID) values (118,188);
Insert into MAJOODE.NEWS_AUTHORS (NA_NEWS_ID,NA_AUTHOR_ID) values (117,188);
Insert into MAJOODE.NEWS_AUTHORS (NA_NEWS_ID,NA_AUTHOR_ID) values (119,189);
REM INSERTING into MAJOODE.NEWS_TAGS
SET DEFINE OFF;
Insert into MAJOODE.NEWS_TAGS (NT_NEWS_ID,NT_TAG_ID) values (110,255);
Insert into MAJOODE.NEWS_TAGS (NT_NEWS_ID,NT_TAG_ID) values (113,256);
Insert into MAJOODE.NEWS_TAGS (NT_NEWS_ID,NT_TAG_ID) values (110,256);
Insert into MAJOODE.NEWS_TAGS (NT_NEWS_ID,NT_TAG_ID) values (111,257);
Insert into MAJOODE.NEWS_TAGS (NT_NEWS_ID,NT_TAG_ID) values (111,258);
Insert into MAJOODE.NEWS_TAGS (NT_NEWS_ID,NT_TAG_ID) values (113,261);
Insert into MAJOODE.NEWS_TAGS (NT_NEWS_ID,NT_TAG_ID) values (114,262);
Insert into MAJOODE.NEWS_TAGS (NT_NEWS_ID,NT_TAG_ID) values (114,259);
Insert into MAJOODE.NEWS_TAGS (NT_NEWS_ID,NT_TAG_ID) values (115,263);
Insert into MAJOODE.NEWS_TAGS (NT_NEWS_ID,NT_TAG_ID) values (115,262);
Insert into MAJOODE.NEWS_TAGS (NT_NEWS_ID,NT_TAG_ID) values (116,263);
Insert into MAJOODE.NEWS_TAGS (NT_NEWS_ID,NT_TAG_ID) values (116,262);
Insert into MAJOODE.NEWS_TAGS (NT_NEWS_ID,NT_TAG_ID) values (118,259);
Insert into MAJOODE.NEWS_TAGS (NT_NEWS_ID,NT_TAG_ID) values (118,261);
Insert into MAJOODE.NEWS_TAGS (NT_NEWS_ID,NT_TAG_ID) values (119,266);
Insert into MAJOODE.NEWS_TAGS (NT_NEWS_ID,NT_TAG_ID) values (119,267);
Insert into MAJOODE.NEWS_TAGS (NT_NEWS_ID,NT_TAG_ID) values (117,264);
Insert into MAJOODE.NEWS_TAGS (NT_NEWS_ID,NT_TAG_ID) values (117,265);
REM INSERTING into MAJOODE.ROLES
SET DEFINE OFF;
REM INSERTING into MAJOODE.TAGS
SET DEFINE OFF;
Insert into MAJOODE.TAGS (TAG_ID,TAG_NAME) values (258,'Health');
Insert into MAJOODE.TAGS (TAG_ID,TAG_NAME) values (259,'thug life');
Insert into MAJOODE.TAGS (TAG_ID,TAG_NAME) values (260,'animals');
Insert into MAJOODE.TAGS (TAG_ID,TAG_NAME) values (261,'judjement');
Insert into MAJOODE.TAGS (TAG_ID,TAG_NAME) values (262,'education');
Insert into MAJOODE.TAGS (TAG_ID,TAG_NAME) values (263,'policy');
Insert into MAJOODE.TAGS (TAG_ID,TAG_NAME) values (255,'casual');
Insert into MAJOODE.TAGS (TAG_ID,TAG_NAME) values (256,'life');
Insert into MAJOODE.TAGS (TAG_ID,TAG_NAME) values (257,'Medicine');
Insert into MAJOODE.TAGS (TAG_ID,TAG_NAME) values (264,'energetics');
Insert into MAJOODE.TAGS (TAG_ID,TAG_NAME) values (267,'peace');
Insert into MAJOODE.TAGS (TAG_ID,TAG_NAME) values (265,'wildlife');
Insert into MAJOODE.TAGS (TAG_ID,TAG_NAME) values (266,'farming');
Insert into MAJOODE.TAGS (TAG_ID,TAG_NAME) values (284,'Art');
REM INSERTING into MAJOODE.USERS
SET DEFINE OFF;
